{
  "metadata": {
    "generated_at": "2025-12-21T20:36:56.237124",
    "total_tests": 21,
    "metrics": [
      "Entropy",
      "NPCR",
      "UACI",
      "MSE",
      "PSNR",
      "Correlation",
      "Adjacent Pixel Correlation",
      "Histogram Bins"
    ]
  },
  "results": [
    {
      "image": "cameraman",
      "sbox": "S-box1",
      "type": "Grayscale",
      "entropy": {
        "plain": 7.781516303180248,
        "cipher": 7.781516303180248,
        "increase": 0.0
      },
      "npcr": 99.57389831542969,
      "uaci": 28.653679642022823,
      "mse": 7895.470439910889,
      "psnr": 9.157023489592518,
      "correlation": {
        "global": 0.05138829313512811,
        "horizontal": 0.015631707742566284,
        "vertical": 0.010916611394980458,
        "diagonal": 0.014485187629059168
      },
      "histogram_bins": {
        "grayscale": 256,
        "R": null,
        "G": null,
        "B": null
      }
    },
    {
      "image": "cameraman",
      "sbox": "S-box2",
      "type": "Grayscale",
      "entropy": {
        "plain": 7.781516303180248,
        "cipher": 7.781516303180249,
        "increase": 8.881784197001252e-16
      },
      "npcr": 99.33433532714844,
      "uaci": 30.533586389878227,
      "mse": 8783.606517791748,
      "psnr": 8.694074885637331,
      "correlation": {
        "global": -0.022417751552671547,
        "horizontal": 0.009652393735043957,
        "vertical": 0.006788120013290007,
        "diagonal": 0.007090912449060408
      },
      "histogram_bins": {
        "grayscale": 256,
        "R": null,
        "G": null,
        "B": null
      }
    },
    {
      "image": "cameraman",
      "sbox": "S-box3",
      "type": "Grayscale",
      "entropy": {
        "plain": 7.781516303180248,
        "cipher": 7.781516303180249,
        "increase": 8.881784197001252e-16
      },
      "npcr": 99.68109130859375,
      "uaci": 30.219729554419427,
      "mse": 8496.67716217041,
      "psnr": 8.838312436565698,
      "correlation": {
        "global": 0.01353471997261954,
        "horizontal": 0.004948649560483825,
        "vertical": 0.0007764203453386352,
        "diagonal": 0.0037465823251676233
      },
      "histogram_bins": {
        "grayscale": 256,
        "R": null,
        "G": null,
        "B": null
      }
    },
    {
      "image": "lena_color_512",
      "sbox": "S-box1",
      "type": "RGB",
      "entropy": {
        "plain": 6.824813885870899,
        "cipher": 6.824813885870899,
        "increase": 0.0
      },
      "npcr": 98.87720743815103,
      "uaci": 28.781484466752204,
      "mse": 7890.386809031169,
      "psnr": 9.159820667953632,
      "correlation": {
        "global": 0.2568738982339106,
        "horizontal": -0.0031580678952546257,
        "vertical": 0.0010497084059264436,
        "diagonal": 0.0023967682200256224
      },
      "histogram_bins": {
        "grayscale": null,
        "R": 60,
        "G": 60,
        "B": 60
      }
    },
    {
      "image": "lena_color_512",
      "sbox": "S-box2",
      "type": "RGB",
      "entropy": {
        "plain": 6.824813885870899,
        "cipher": 6.824813885870899,
        "increase": 0.0
      },
      "npcr": 99.44343566894531,
      "uaci": 31.248386358123977,
      "mse": 9230.81787109375,
      "psnr": 8.478401786754935,
      "correlation": {
        "global": -0.007134334330170426,
        "horizontal": 0.0022495152374517983,
        "vertical": -0.003248967435746131,
        "diagonal": 0.00041064898840244344
      },
      "histogram_bins": {
        "grayscale": null,
        "R": 60,
        "G": 60,
        "B": 60
      }
    },
    {
      "image": "lena_color_512",
      "sbox": "S-box3",
      "type": "RGB",
      "entropy": {
        "plain": 6.824813885870899,
        "cipher": 6.824813885870899,
        "increase": 0.0
      },
      "npcr": 99.44203694661459,
      "uaci": 31.801109563291448,
      "mse": 9448.926803588867,
      "psnr": 8.37697876141389,
      "correlation": {
        "global": -0.041971331001438336,
        "horizontal": 0.0008097240425676384,
        "vertical": 0.0027269894120230988,
        "diagonal": 0.0009180870651687025
      },
      "histogram_bins": {
        "grayscale": null,
        "R": 60,
        "G": 60,
        "B": 60
      }
    },
    {
      "image": "livingroom",
      "sbox": "S-box1",
      "type": "Grayscale",
      "entropy": {
        "plain": 7.321505052956798,
        "cipher": 7.321505052956798,
        "increase": 0.0
      },
      "npcr": 99.40338134765625,
      "uaci": 27.156008552102477,
      "mse": 7060.624500274658,
      "psnr": 9.642372455061158,
      "correlation": {
        "global": 0.07151477008541772,
        "horizontal": -0.0019820415112245353,
        "vertical": 0.0033683993946677852,
        "diagonal": -0.0004588285624336771
      },
      "histogram_bins": {
        "grayscale": 160,
        "R": null,
        "G": null,
        "B": null
      }
    },
    {
      "image": "livingroom",
      "sbox": "S-box2",
      "type": "Grayscale",
      "entropy": {
        "plain": 7.321505052956798,
        "cipher": 7.321505052956798,
        "increase": 0.0
      },
      "npcr": 99.38240051269531,
      "uaci": 30.47559251972273,
      "mse": 8544.041282653809,
      "psnr": 8.814170227768944,
      "correlation": {
        "global": -0.08493964661283264,
        "horizontal": 0.0005920709087043236,
        "vertical": -0.0010980342387728631,
        "diagonal": 0.00018573836331865453
      },
      "histogram_bins": {
        "grayscale": 160,
        "R": null,
        "G": null,
        "B": null
      }
    },
    {
      "image": "livingroom",
      "sbox": "S-box3",
      "type": "Grayscale",
      "entropy": {
        "plain": 7.321505052956798,
        "cipher": 7.321505052956798,
        "increase": 0.0
      },
      "npcr": 100.0,
      "uaci": 29.030435599532783,
      "mse": 7695.490577697754,
      "psnr": 9.268440500992515,
      "correlation": {
        "global": 0.020920034055824238,
        "horizontal": 0.0014436837153824521,
        "vertical": 0.0017543018830709534,
        "diagonal": -0.0009584173124511484
      },
      "histogram_bins": {
        "grayscale": 160,
        "R": null,
        "G": null,
        "B": null
      }
    },
    {
      "image": "mandril_color",
      "sbox": "S-box1",
      "type": "RGB",
      "entropy": {
        "plain": 7.999804064774915,
        "cipher": 7.999804064774915,
        "increase": 0.0
      },
      "npcr": 99.6039072672526,
      "uaci": 32.35195583767361,
      "mse": 10274.103075663248,
      "psnr": 8.013364423677357,
      "correlation": {
        "global": 0.05830406279701567,
        "horizontal": -0.0005729510188747315,
        "vertical": -0.001239333987269331,
        "diagonal": -0.0016166683597124277
      },
      "histogram_bins": {
        "grayscale": null,
        "R": 256,
        "G": 256,
        "B": 256
      }
    },
    {
      "image": "mandril_color",
      "sbox": "S-box2",
      "type": "RGB",
      "entropy": {
        "plain": 7.999804064774915,
        "cipher": 7.999804064774915,
        "increase": 0.0
      },
      "npcr": 99.60009256998697,
      "uaci": 35.081958147435415,
      "mse": 11557.77731959025,
      "psnr": 7.50206038085254,
      "correlation": {
        "global": -0.05826130200326939,
        "horizontal": 0.0005871630201298688,
        "vertical": 0.000256251029212858,
        "diagonal": -0.0021863911920544893
      },
      "histogram_bins": {
        "grayscale": null,
        "R": 256,
        "G": 256,
        "B": 256
      }
    },
    {
      "image": "mandril_color",
      "sbox": "S-box3",
      "type": "RGB",
      "entropy": {
        "plain": 7.999804064774915,
        "cipher": 7.999804064774915,
        "increase": 0.0
      },
      "npcr": 99.61675008138022,
      "uaci": 32.99898583904589,
      "mse": 10329.81053797404,
      "psnr": 7.989880047952386,